id,first_name,last_name,email,ip_address,timestamp,amount
1,John,Smith,jsmith@example.com,192.168.1.1,2023-06-15T10:30:00Z,125.50
2,Jane,Doe,jdoe@example.com,192.168.1.2,2023-06-15T10:35:00Z,89.99
3,Robert,Jones,rjones@example.com,192.168.1.3,2023-06-15T10:40:00Z,45.25
4,Emily,Wilson,ewilson@example.com,192.168.1.4,2023-06-15T10:45:00Z,199.99
5,Michael,Brown,mbrown@example.com,192.168.1.5,2023-06-15T10:50:00Z,55.75
6,Sarah,Taylor,staylor@example.com,192.168.1.6,2023-06-15T10:55:00Z,149.50
7,James,Davis,jdavis@example.com,192.168.1.7,2023-06-15T11:00:00Z,75.25
8,Jennifer,Miller,jmiller@example.com,192.168.1.8,2023-06-15T11:05:00Z,88.99
9,David,Wilson,dwilson@example.com,192.168.1.9,2023-06-15T11:10:00Z,134.75
10,Lisa,Moore,lmoore@example.com,192.168.1.10,2023-06-15T11:15:00Z,42.50